Workbook

Sheet SQL_Data_Import
A1: reporter_iso3 | B1: reporter_name | C1: reference_year | D1: total_exports_usd | E1: gdp_current_usd | F1: population_total | G1: gdp_growth_annual_pct | H1: trade_pct_of_gdp | I1: export_per_capita | J1: gdp_per_capita | K1: export_to_gdp_ratio_pct | L1: global_export_rank | M1: previous_year_exports | N1: yoy_export_growth_pct | O1: lookup_key
A2: ABW | B2: Aruba | C2: 2015 | D2: 159764410 | E2: 2962906704 | F2: 107906 | G2: 3.6114791 | H2: 140.493 | I2: 1480.59 | J2: 27458.22 | K2: 5.39 | L2: 157 | O2: =vw_scenario_analysis_dataset[[#This Row],[reporter_name]] & "-" & vw_scenario_analysis_dataset[[#This Row],[reference_year]] -> Aruba-2015
A3: ABW | B3: Aruba | C3: 2016 | D3: 1.9079298e+08 | E3: 2983637430 | F3: 108727 | G3: 1.2343354 | H3: 136.88726 | I3: 1754.79 | J3: 27441.55 | K3: 6.39 | L3: 157 | M3: 159764410 | N3: 19.42 | O3: =vw_scenario_analysis_dataset[[#This Row],[reporter_name]] & "-" & vw_scenario_analysis_dataset[[#This Row],[reference_year]] -> Aruba-2016
A4: ABW | B4: Aruba | C4: 2017 | D4: 1.7766667e+08 | E4: 3092427933 | F4: 108735 | G4: 3.4934299 | H4: 138.71662 | I4: 1633.94 | J4: 28440.04 | K4: 5.75 | L4: 159 | M4: 1.9079298e+08 | N4: -6.88 | O4: =vw_scenario_analysis_dataset[[#This Row],[reporter_name]] & "-" & vw_scenario_analysis_dataset[[#This Row],[reference_year]] -> Aruba-2017
A5: ABW | B5: Aruba | C5: 2018 | D5: 1.3894075e+08 | E5: 3276187709 | F5: 108908 | G5: 3.2124711 | H5: 138.82497 | I5: 1275.76 | J5: 30082.16 | K5: 4.24 | L5: 156 | M5: 1.7766667e+08 | N5: -21.8 | O5: =vw_scenario_analysis_dataset[[#This Row],[reporter_name]] & "-" & vw_scenario_analysis_dataset[[#This Row],[reference_year]] -> Aruba-2018
A6: ABW | B6: Aruba | C6: 2019 | D6: 1.5728588e+08 | E6: 3347561739 | F6: 109203 | G6: 1.2291441 | H6: 137.92325 | I6: 1440.31 | J6: 30654.49 | K6: 4.7 | L6: 154 | M6: 1.3894075e+08 | N6: 13.2 | O6: =vw_scenario_analysis_dataset[[#This Row],[reporter_name]] & "-" & vw_scenario_analysis_dataset[[#This Row],[reference_year]] -> Aruba-2019
A7: ABW | B7: Aruba | C7: 2020 | D7: 1.3185945e+08 | E7: 2461056053 | F7: 108587 | G7: -23.940059 | H7: 123.2405 | I7: 1214.32 | J7: 22664.37 | K7: 5.36 | L7: 149 | M7: 1.5728588e+08 | N7: -16.17 | O7: =vw_scenario_analysis_dataset[[#This Row],[reporter_name]] & "-" & vw_scenario_analysis_dataset[[#This Row],[reference_year]] -> Aruba-2020
A8: ABW | B8: Aruba | C8: 2021 | D8: 1.7669402e+08 | E8: 2889305034 | F8: 107700 | G8: 14.833692 | H8: 139.5109 | I8: 1640.61 | J8: 26827.34 | K8: 6.12 | L8: 149 | M8: 1.3185945e+08 | N8: 34 | O8: =vw_scenario_analysis_dataset[[#This Row],[reporter_name]] & "-" & vw_scenario_analysis_dataset[[#This Row],[reference_year]] -> Aruba-2021
A9: ABW | B9: Aruba | C9: 2022 | D9: 2.0959357e+08 | E9: 3326671315 | F9: 107310 | G9: 10.607961 | H9: 160.55814 | I9: 1953.16 | J9: 31000.57 | K9: 6.3 | L9: 148 | M9: 1.7669402e+08 | N9: 18.62 | O9: =vw_scenario_analysis_dataset[[#This Row],[reporter_name]] & "-" & vw_scenario_analysis_dataset[[#This Row],[reference_year]] -> Aruba-2022
A10: ABW | B10: Aruba | C10: 2023 | D10: 2.2200983e+08 | E10: 3746573413 | F10: 107359 | G10: 9.5163602 | H10: 153.71916 | I10: 2067.92 | J10: 34897.62 | K10: 5.93 | L10: 146 | M10: 2.0959357e+08 | N10: 5.92 | O10: =vw_scenario_analysis_dataset[[#This Row],[reporter_name]] & "-" & vw_scenario_analysis_dataset[[#This Row],[reference_year]] -> Aruba-2023
A11: AFG | B11: Afghanistan | C11: 2015 | D11: 1142809936 | E11: 19134221645 | F11: 33831764 | G11: 1.4513147 | I11: 33.78 | J11: 565.57 | K11: 5.97 | L11: 139 | O11: =vw_scenario_analysis_dataset[[#This Row],[reporter_name]] & "-" & vw_scenario_analysis_dataset[[#This Row],[reference_year]] -> Afghanistan-2015
A12: AFG | B12: Afghanistan | C12: 2016 | D12: 1192910671 | E12: 18116572395 | F12: 34700612 | G12: 2.2603142 | I12: 34.38 | J12: 522.08 | K12: 6.58 | L12: 140 | M12: 1142809936 | N12: 4.38 | O12: =vw_scenario_analysis_dataset[[#This Row],[reporter_name]] & "-" & vw_scenario_analysis_dataset[[#This Row],[reference_year]] -> Afghanistan-2016
A13: AFG | B13: Afghanistan | C13: 2017 | D13: 1.6638535e+09 | E13: 18753456498 | F13: 35688935 | G13: 2.6470032 | I13: 46.62 | J13: 525.47 | K13: 8.87 | L13: 138 | M13: 1192910671 | N13: 39.48 | O13: =vw_scenario_analysis_dataset[[#This Row],[reporter_name]] & "-" & vw_scenario_analysis_dataset[[#This Row],[reference_year]] -> Afghanistan-2017
A14: AFG | B14: Afghanistan | C14: 2018 | D14: 1.769009e+09 | E14: 18053222687 | F14: 36743039 | G14: 1.1892281 | I14: 48.15 | J14: 491.34 | K14: 9.8 | L14: 135 | M14: 1.6638535e+09 | N14: 6.32 | O14: =vw_scenario_analysis_dataset[[#This Row],[reporter_name]] & "-" & vw_scenario_analysis_dataset[[#This Row],[reference_year]] -> Afghanistan-2018
A15: AFG | B15: Afghanistan | C15: 2019 | D15: 1.740977e+09 | E15: 18799444490 | F15: 37856121 | G15: 3.9116034 | I15: 45.99 | J15: 496.6 | K15: 9.26 | L15: 136 | M15: 1.769009e+09 | N15: -1.58 | O15: =vw_scenario_analysis_dataset[[#This Row],[reporter_name]] & "-" & vw_scenario_analysis_dataset[[#This Row],[reference_year]] -> Afghanistan-2019
A16: AGO | B16: Angola | C16: 2015 | D16: 6.7849875e+10 | E16: 103000000000 | F16: 28157798 | G16: 0.76317771 | H16: 54.979381 | I16: 2409.63 | J16: 3657.96 | K16: 65.87 | L16: 54 | O16: =vw_scenario_analysis_dataset[[#This Row],[reporter_name]] & "-" & vw_scenario_analysis_dataset[[#This Row],[reference_year]] -> Angola-2015
A17: AGO | B17: Angola | C17: 2016 | D17: 5.6114999e+10 | E17: 60770049747 | F17: 29183070 | G17: -0.23307696 | H17: 46.325613 | I17: 1922.86 | J17: 2082.37 | K17: 92.34 | L17: 55 | M17: 6.7849875e+10 | N17: -17.3 | O17: =vw_scenario_analysis_dataset[[#This Row],[reporter_name]] & "-" & vw_scenario_analysis_dataset[[#This Row],[reference_year]] -> Angola-2016
A18: AGO | B18: Angola | C18: 2017 | D18: 8.3365333e+10 | E18: 85629598654 | F18: 30234839 | G18: -0.16468866 | H18: 44.996325 | I18: 2757.26 | J18: 2832.15 | K18: 97.36 | L18: 49 | M18: 5.6114999e+10 | N18: 48.56 | O18: =vw_scenario_analysis_dataset[[#This Row],[reporter_name]] & "-" & vw_scenario_analysis_dataset[[#This Row],[reference_year]] -> Angola-2017
A19: AGO | B19: Angola | C19: 2018 | D19: 8.1329438e+10 | E19: 90506061877 | F19: 31297155 | G19: -0.50669754 | H19: 58.269895 | I19: 2598.62 | J19: 2891.83 | K19: 89.86 | L19: 51 | M19: 8.3365333e+10 | N19: -2.44 | O19: =vw_scenario_analysis_dataset[[#This Row],[reporter_name]] & "-" & vw_scenario_analysis_dataset[[#This Row],[reference_year]] -> Angola-2018
A20: AGO | B20: Angola | C20: 2019 | D20: 7.086491e+10 | E20: 81193813808 | F20: 32375632 | G20: -1.0552341 | H20: 60.371307 | I20: 2188.83 | J20: 2507.87 | K20: 87.28 | L20: 54 | M20: 8.1329438e+10 | N20: -12.87 | O20: =vw_scenario_analysis_dataset[[#This Row],[reporter_name]] & "-" & vw_scenario_analysis_dataset[[#This Row],[reference_year]] -> Angola-2019
A21: AGO | B21: Angola | C21: 2020 | D21: 4.4008635e+10 | E21: 58512033806 | F21: 33451132 | G21: -5.2734913 | H21: 54.660403 | I21: 1315.61 | J21: 1749.18 | K21: 75.21 | L21: 60 | M21: 7.086491e+10 | N21: -37.9 | O21: =vw_scenario_analysis_dataset[[#This Row],[reporter_name]] & "-" & vw_scenario_analysis_dataset[[#This Row],[reference_year]] -> Angola-2020
A22: AGO | B22: Angola | C22: 2021 | D22: 6.8944324e+10 | E22: 78283923544 | F22: 34532429 | G22: 1.0905837 | H22: 62.528771 | I22: 1996.51 | J22: 2266.97 | K22: 88.07 | L22: 59 | M22: 4.4008635e+10 | N22: 56.66 | O22: =vw_scenario_analysis_dataset[[#This Row],[reporter_name]] & "-" & vw_scenario_analysis_dataset[[#This Row],[reference_year]] -> Angola-2021
A23: AGO | B23: Angola | C23: 2022 | D23: 1.025499e+11 | E23: 128000000000 | F23: 35635029 | G23: 3.5574921 | H23: 56.538072 | I23: 2877.78 | J23: 3591.97 | K23: 80.12 | L23: 52 | M23: 6.8944324e+10 | N23: 48.74 | O23: =vw_scenario_analysis_dataset[[#This Row],[reporter_name]] & "-" & vw_scenario_analysis_dataset[[#This Row],[reference_year]] -> Angola-2022
A24: AGO | B24: Angola | C24: 2023 | D24: 7.7463173e+10 | E24: 106000000000 | F24: 36749906 | G24: 1.3201659 | H24: 53.607013 | I24: 2107.85 | J24: 2884.36 | K24: 73.08 | L24: 55 | M24: 1.025499e+11 | N24: -24.46 | O24: =vw_scenario_analysis_dataset[[#This Row],[reporter_name]] & "-" & vw_scenario_analysis_dataset[[#This Row],[reference_year]] -> Angola-2023
A25: AGO | B25: Angola | C25: 2024 | D25: 7.8743269e+10 | E25: 103000000000 | F25: 37885849 | G25: 4.9526786 | H25: 49.848951 | I25: 2078.43 | J25: 2718.69 | K25: 76.45 | L25: 55 | M25: 7.7463173e+10 | N25: 1.65 | O25: =vw_scenario_analysis_dataset[[#This Row],[reporter_name]] & "-" & vw_scenario_analysis_dataset[[#This Row],[reference_year]] -> Angola-2024
A26: ALB | B26: Albania | C26: 2015 | D26: 3859314063 | E26: 11470171827 | F26: 2731293 | G26: 2.2277041 | H26: 71.279448 | I26: 1413 | J26: 4199.54 | K26: 33.65 | L26: 118 | O26: =vw_scenario_analysis_dataset[[#This Row],[reporter_name]] & "-" & vw_scenario_analysis_dataset[[#This Row],[reference_year]] -> Albania-2015
A27: ALB | B27: Albania | C27: 2016 | D27: 3924234833 | E27: 11988668785 | F27: 2689469 | G27: 3.9089355 | H27: 74.01445 | I27: 1459.11 | J27: 4457.63 | K27: 32.73 | L27: 122 | M27: 3859314063 | N27: 1.68 | O27: =vw_scenario_analysis_dataset[[#This Row],[reporter_name]] & "-" & vw_scenario_analysis_dataset[[#This Row],[reference_year]] -> Albania-2016
A28: ALB | B28: Albania | C28: 2017 | D28: 4.6026819e+09 | E28: 13258268436 | F28: 2648285 | G28: 3.2831759 | H28: 76.787382 | I28: 1737.99 | J28: 5006.36 | K28: 34.72 | L28: 120 | M28: 3924234833 | N28: 17.29 | O28: =vw_scenario_analysis_dataset[[#This Row],[reporter_name]] & "-" & vw_scenario_analysis_dataset[[#This Row],[reference_year]] -> Albania-2017
A29: ALB | B29: Albania | C29: 2018 | D29: 5.7517196e+09 | E29: 15379508330 | F29: 2607733 | G29: 3.6714193 | H29: 75.694078 | I29: 2205.64 | J29: 5897.65 | K29: 37.4 | L29: 115 | M29: 4.6026819e+09 | N29: 24.96 | O29: =vw_scenario_analysis_dataset[[#This Row],[reporter_name]] & "-" & vw_scenario_analysis_dataset[[#This Row],[reference_year]] -> Albania-2018
A30: ALB | B30: Albania | C30: 2019 | D30: 5.4388574e+09 | E30: 15585111614 | F30: 2567801 | G30: 2.0625779 | H30: 75.382129 | I30: 2118.1 | J30: 6069.44 | K30: 34.9 | L30: 115 | M30: 5.7517196e+09 | N30: -5.44 | O30: =vw_scenario_analysis_dataset[[#This Row],[reporter_name]] & "-" & vw_scenario_analysis_dataset[[#This Row],[reference_year]] -> Albania-2019
A31: ALB | B31: Albania | C31: 2020 | D31: 4.8312647e+09 | E31: 15241458745 | F31: 2528480 | G31: -3.3137564 | H31: 59.520699 | I31: 1910.74 | J31: 6027.91 | K31: 31.7 | L31: 116 | M31: 5.4388574e+09 | N31: -11.17 | O31: =vw_scenario_analysis_dataset[[#This Row],[reporter_name]] & "-" & vw_scenario_analysis_dataset[[#This Row],[reference_year]] -> Albania-2020
A32: ALB | B32: Albania | C32: 2021 | D32: 7.1245945e+09 | E32: 18031989573 | F32: 2489762 | G32: 8.9695762 | H32: 75.590404 | I32: 2861.56 | J32: 7242.46 | K32: 39.51 | L32: 113 | M32: 4.8312647e+09 | N32: 47.47 | O32: =vw_scenario_analysis_dataset[[#This Row],[reporter_name]] & "-" & vw_scenario_analysis_dataset[[#This Row],[reference_year]] -> Albania-2021
A33: ALB | B33: Albania | C33: 2022 | D33: 8.6124695e+09 | E33: 19017247014 | F33: 2451636 | G33: 4.8268006 | H33: 84.698044 | I33: 3512.95 | J33: 7756.96 | K33: 45.29 | L33: 109 | M33: 7.1245945e+09 | N33: 20.88 | O33: =vw_scenario_analysis_dataset[[#This Row],[reporter_name]] & "-" & vw_scenario_analysis_dataset[[#This Row],[reference_year]] -> Albania-2022
A34: ALB | B34: Albania | C34: 2023 | D34: 8.7497144e+09 | E34: 23491242727 | F34: 2411658 | G34: 4.0154172 | H34: 82.352493 | I34: 3628.09 | J34: 9740.7 | K34: 37.25 | L34: 110 | M34: 8.6124695e+09 | N34: 1.59 | O34: =vw_scenario_analysis_dataset[[#This Row],[reporter_name]] & "-" & vw_scenario_analysis_dataset[[#This Row],[reference_year]] -> Albania-2023
A35: ALB | B35: Albania | C35: 2024 | D35: 8.0023082e+09 | E35: 27037474263 | F35: 2377128 | G35: 4.0459285 | H35: 79.454636 | I35: 3366.38 | J35: 11374.01 | K35: 29.6 | L35: 100 | M35: 8.7497144e+09 | N35: -8.54 | O35: =vw_scenario_analysis_dataset[[#This Row],[reporter_name]] & "-" & vw_scenario_analysis_dataset[[#This Row],[reference_year]] -> Albania-2024
A36: AND | B36: Andorra | C36: 2015 | D36: 1.7900387e+08 | E36: 2789881259 | F36: 72174 | G36: 1.4341404 | I36: 2480.17 | J36: 38654.93 | K36: 6.42 | L36: 155 | O36: =vw_scenario_analysis_dataset[[#This Row],[reporter_name]] & "-" & vw_scenario_analysis_dataset[[#This Row],[reference_year]] -> Andorra-2015
A37: AND | B37: Andorra | C37: 2016 | D37: 1.9273462e+08 | E37: 2896610480 | F37: 72181 | G37: 3.7096781 | I37: 2670.16 | J37: 40129.82 | K37: 6.65 | L37: 156 | M37: 1.7900387e+08 | N37: 7.67 | O37: =vw_scenario_analysis_dataset[[#This Row],[reporter_name]] & "-" & vw_scenario_analysis_dataset[[#This Row],[reference_year]] -> Andorra-2016
A38: AND | B38: Andorra | C38: 2017 | D38: 2.3595981e+08 | E38: 3000162081 | F38: 73763 | G38: 0.34607189 | I38: 3198.89 | J38: 40672.99 | K38: 7.86 | L38: 156 | M38: 1.9273462e+08 | N38: 22.43 | O38: =vw_scenario_analysis_dataset[[#This Row],[reporter_name]] & "-" & vw_scenario_analysis_dataset[[#This Row],[reference_year]] -> Andorra-2017
A39: AND | B39: Andorra | C39: 2018 | D39: 2.5867073e+08 | E39: 3218419897 | F39: 75162 | G39: 1.5887655 | I39: 3441.51 | J39: 42819.77 | K39: 8.04 | L39: 152 | M39: 2.3595981e+08 | N39: 9.62 | O39: =vw_scenario_analysis_dataset[[#This Row],[reporter_name]] & "-" & vw_scenario_analysis_dataset[[#This Row],[reference_year]] -> Andorra-2018
A40: AND | B40: Andorra | C40: 2019 | D40: 2.5030315e+08 | E40: 3155149348 | F40: 76474 | G40: 2.0155476 | I40: 3273.05 | J40: 41257.8 | K40: 7.93 | L40: 150 | M40: 2.5867073e+08 | N40: -3.23 | O40: =vw_scenario_analysis_dataset[[#This Row],[reporter_name]] & "-" & vw_scenario_analysis_dataset[[#This Row],[reference_year]] -> Andorra-2019
A41: AND | B41: Andorra | C41: 2020 | D41: 3.3356218e+08 | E41: 2891001149 | F41: 77380 | G41: -11.18394 | I41: 4310.7 | J41: 37361.09 | K41: 11.54 | L41: 144 | M41: 2.5030315e+08 | N41: 33.26 | O41: =vw_scenario_analysis_dataset[[#This Row],[reporter_name]] & "-" & vw_scenario_analysis_dataset[[#This Row],[reference_year]] -> Andorra-2020
A42: AND | B42: Andorra | C42: 2021 | D42: 3.2794864e+08 | E42: 3324647529 | F42: 78364 | G42: 8.2867788 | I42: 4184.94 | J42: 42425.7 | K42: 9.86 | L42: 146 | M42: 3.3356218e+08 | N42: -1.68 | O42: =vw_scenario_analysis_dataset[[#This Row],[reporter_name]] & "-" & vw_scenario_analysis_dataset[[#This Row],[reference_year]] -> Andorra-2021
A43: AND | B43: Andorra | C43: 2022 | D43: 7.7228599e+08 | E43: 3380612573 | F43: 79705 | G43: 9.5646123 | I43: 9689.3 | J43: 42414.06 | K43: 22.84 | L43: 141 | M43: 3.2794864e+08 | N43: 135.49 | O43: =vw_scenario_analysis_dataset[[#This Row],[reporter_name]] & "-" & vw_scenario_analysis_dataset[[#This Row],[reference_year]] -> Andorra-2022
A44: AND | B44: Andorra | C44: 2023 | D44: 5.0473021e+08 | E44: 3785067332 | F44: 80856 | G44: 2.5835548 | I44: 6242.33 | J44: 46812.45 | K44: 13.33 | L44: 140 | M44: 7.7228599e+08 | N44: -34.64 | O44: =vw_scenario_analysis_dataset[[#This Row],[reporter_name]] & "-" & vw_scenario_analysis_dataset[[#This Row],[reference_year]] -> Andorra-2023
A45: ARE | B45: United Arab Emirates | C45: 2015 | D45: 6.009573e+11 | E45: 382000000000 | F45: 8505237 | G45: 7.0876662 | H45: 164.28614 | I45: 70657.33 | J45: 44913.5 | K45: 157.32 | L45: 14 | O45: =vw_scenario_analysis_dataset[[#This Row],[reporter_name]] & "-" & vw_scenario_analysis_dataset[[#This Row],[reference_year]] -> United Arab Emirates-2015
A46: ARE | B46: United Arab Emirates | C46: 2016 | D46: 5.9009338e+11 | E46: 382000000000 | F46: 8935095 | G46: 5.6579015 | H46: 165.39497 | I46: 66042.21 | J46: 42752.76 | K46: 154.47 | L46: 14 | M46: 6.009573e+11 | N46: -1.81 | O46: =vw_scenario_analysis_dataset[[#This Row],[reporter_name]] & "-" & vw_scenario_analysis_dataset[[#This Row],[reference_year]] -> United Arab Emirates-2016
A47: ARE | B47: United Arab Emirates | C47: 2017 | D47: 6.2719872e+11 | E47: 403000000000 | F47: 9223225 | G47: -1.0613711 | H47: 165.47652 | I47: 68002.11 | J47: 43694.04 | K47: 155.63 | L47: 14 | M47: 5.9009338e+11 | N47: 6.29 | O47: =vw_scenario_analysis_dataset[[#This Row],[reporter_name]] & "-" & vw_scenario_analysis_dataset[[#This Row],[reference_year]] -> United Arab Emirates-2017
A48: ARE | B48: United Arab Emirates | C48: 2018 | D48: 7.7592854e+11 | E48: 441000000000 | F48: 9346701 | G48: 1.5372063 | H48: 154.74704 | I48: 83016.3 | J48: 47182.42 | K48: 175.95 | L48: 14 | M48: 6.2719872e+11 | N48: 23.71 | O48: =vw_scenario_analysis_dataset[[#This Row],[reporter_name]] & "-" & vw_scenario_analysis_dataset[[#This Row],[reference_year]] -> United Arab Emirates-2018
A49: ARE | B49: United Arab Emirates | C49: 2019 | D49: 7.7885599e+11 | E49: 434000000000 | F49: 9445785 | G49: 1.2712912 | H49: 163.82215 | I49: 82455.4 | J49: 45946.42 | K49: 179.46 | L49: 14 | M49: 7.7592854e+11 | N49: 0.38 | O49: =vw_scenario_analysis_dataset[[#This Row],[reporter_name]] & "-" & vw_scenario_analysis_dataset[[#This Row],[reference_year]] -> United Arab Emirates-2019
A50: ARE | B50: United Arab Emirates | C50: 2020 | D50: 6.7059382e+11 | E50: 357000000000 | F50: 9401038 | G50: -8.6934336 | H50: 181.29194 | I50: 71331.89 | J50: 37974.53 | K50: 187.84 | L50: 14 | M50: 7.7885599e+11 | N50: -13.9 | O50: =vw_scenario_analysis_dataset[[#This Row],[reporter_name]] & "-" & vw_scenario_analysis_dataset[[#This Row],[reference_year]] -> United Arab Emirates-2020
A51: ARE | B51: United Arab Emirates | C51: 2021 | D51: 8.5031959e+11 | E51: 422000000000 | F51: 9575152 | G51: 4.5528014 | H51: 182.9094 | I51: 88804.81 | J51: 44072.41 | K51: 201.5 | L51: 14 | M51: 6.7059382e+11 | N51: 26.8 | O51: =vw_scenario_analysis_dataset[[#This Row],[reporter_name]] & "-" & vw_scenario_analysis_dataset[[#This Row],[reference_year]] -> United Arab Emirates-2021
A52: ARE | B52: United Arab Emirates | C52: 2022 | D52: 1.0312424e+12 | E52: 511000000000 | F52: 10074977 | G52: 7.5145241 | H52: 185.74166 | I52: 102356.8 | J52: 50719.72 | K52: 201.81 | L52: 12 | M52: 8.5031959e+11 | N52: 21.28 | O52: =vw_scenario_analysis_dataset[[#This Row],[reporter_name]] & "-" & vw_scenario_analysis_dataset[[#This Row],[reference_year]] -> United Arab Emirates-2022
A53: ARE | B53: United Arab Emirates | C53: 2023 | D53: 1.1404908e+12 | E53: 523000000000 | F53: 10483751 | G53: 4.3011365 | H53: 199.04495 | I53: 108786.52 | J53: 49886.72 | K53: 218.07 | L53: 10 | M53: 1.0312424e+12 | N53: 10.59 | O53: =vw_scenario_analysis_dataset[[#This Row],[reporter_name]] & "-" & vw_scenario_analysis_dataset[[#This Row],[reference_year]] -> United Arab Emirates-2023
A54: ARG | B54: Argentina | C54: 2015 | D54: 1.1356791e+11 | E54: 595000000000 | F54: 43477012 | G54: 2.7311598 | H54: 22.486226 | I54: 2612.14 | J54: 13685.39 | K54: 19.09 | L54: 42 | O54: =vw_scenario_analysis_dataset[[#This Row],[reporter_name]] & "-" & vw_scenario_analysis_dataset[[#This Row],[reference_year]] -> Argentina-2015
A55: ARG | B55: Argentina | C55: 2016 | D55: 1.1575869e+11 | E55: 558000000000 | F55: 43900313 | G55: -2.0803278 | H55: 26.093888 | I55: 2636.85 | J55: 12710.62 | K55: 20.75 | L55: 39 | M55: 1.1356791e+11 | N55: 1.93 | O55: =vw_scenario_analysis_dataset[[#This Row],[reporter_name]] & "-" & vw_scenario_analysis_dataset[[#This Row],[reference_year]] -> Argentina-2016
A56: ARG | B56: Argentina | C56: 2017 | D56: 1.1676839e+11 | E56: 644000000000 | F56: 44288894 | G56: 2.818503 | H56: 25.289601 | I56: 2636.52 | J56: 14540.89 | K56: 18.13 | L56: 43 | M56: 1.1575869e+11 | N56: 0.87 | O56: =vw_scenario_analysis_dataset[[#This Row],[reporter_name]] & "-" & vw_scenario_analysis_dataset[[#This Row],[reference_year]] -> Argentina-2017
A57: ARG | B57: Argentina | C57: 2018 | D57: 1.2311881e+11 | E57: 525000000000 | F57: 44654882 | G57: -2.6173965 | H57: 30.762536 | I57: 2757.12 | J57: 11756.83 | K57: 23.45 | L57: 45 | M57: 1.1676839e+11 | N57: 5.44 | O57: =vw_scenario_analysis_dataset[[#This Row],[reporter_name]] & "-" & vw_scenario_analysis_dataset[[#This Row],[reference_year]] -> Argentina-2018
A58: ARG | B58: Argentina | C58: 2019 | D58: 1.3023065e+11 | E58: 448000000000 | F58: 44973465 | G58: -2.000861 | H58: 32.630615 | I58: 2895.72 | J58: 9961.43 | K58: 29.07 | L58: 41 | M58: 1.2311881e+11 | N58: 5.78 | O58: =vw_scenario_analysis_dataset[[#This Row],[reporter_name]] & "-" & vw_scenario_analysis_dataset[[#This Row],[reference_year]] -> Argentina-2019
A59: ARG | B59: Argentina | C59: 2020 | D59: 1.0976764e+11 | E59: 386000000000 | F59: 45191965 | G59: -9.9004848 | H59: 30.203699 | I59: 2428.92 | J59: 8541.34 | K59: 28.44 | L59: 40 | M59: 1.3023065e+11 | N59: -15.71 | O59: =vw_scenario_analysis_dataset[[#This Row],[reporter_name]] & "-" & vw_scenario_analysis_dataset[[#This Row],[reference_year]] -> Argentina-2020
A60: ARG | B60: Argentina | C60: 2021 | D60: 1.5586863e+11 | E60: 487000000000 | F60: 45312281 | G60: 10.441812 | H60: 33.07869 | I60: 3439.88 | J60: 10747.64 | K60: 32.01 | L60: 39 | M60: 1.0976764e+11 | N60: 42 | O60: =vw_scenario_analysis_dataset[[#This Row],[reporter_name]] & "-" & vw_scenario_analysis_dataset[[#This Row],[reference_year]] -> Argentina-2021
A61: ARG | B61: Argentina | C61: 2022 | D61: 1.7689144e+11 | E61: 634000000000 | F61: 45407904 | G61: 6.0207454 | H61: 31.580179 | I61: 3895.61 | J61: 13962.33 | K61: 27.9 | L61: 38 | M61: 1.5586863e+11 | N61: 13.49 | O61: =vw_scenario_analysis_dataset[[#This Row],[reporter_name]] & "-" & vw_scenario_analysis_dataset[[#This Row],[reference_year]] -> Argentina-2022
A62: ARG | B62: Argentina | C62: 2023 | D62: 1.3357703e+11 | E62: 649000000000 | F62: 45538401 | G62: -1.855788 | H62: 26.676951 | I62: 2933.28 | J62: 14251.71 | K62: 20.58 | L62: 42 | M62: 1.7689144e+11 | N62: -24.49 | O62: =vw_scenario_analysis_dataset[[#This Row],[reporter_name]] & "-" & vw_scenario_analysis_dataset[[#This Row],[reference_year]] -> Argentina-2023
A63: ARG | B63: Argentina | C63: 2024 | D63: 1.5940641e+11 | E63: 638000000000 | F63: 45696159 | G63: -1.3429307 | H63: 27.929761 | I63: 3488.4 | J63: 13961.79 | K63: 24.99 | L63: 38 | M63: 1.3357703e+11 | N63: 19.34 | O63: =vw_scenario_analysis_dataset[[#This Row],[reporter_name]] & "-" & vw_scenario_analysis_dataset[[#This Row],[reference_year]] -> Argentina-2024
A64: ARM | B64: Armenia | C64: 2015 | D64: 2965334702 | E64: 10553337518 | F64: 3004600 | G64: 3.2 | H64: 71.682074 | I64: 986.93 | J64: 3512.39 | K64: 28.1 | L64: 123 | O64: =vw_scenario_analysis_dataset[[#This Row],[reporter_name]] & "-" & vw_scenario_analysis_dataset[[#This Row],[reference_year]] -> Armenia-2015
A65: ARM | B65: Armenia | C65: 2016 | D65: 3615579027 | E65: 10546136236 | F65: 2992300 | G65: 0.2 | H65: 76.077967 | I65: 1208.29 | J65: 3524.42 | K65: 34.28 | L65: 123 | M65: 2965334702 | N65: 21.93 | O65: =vw_scenario_analysis_dataset[[#This Row],[reporter_name]] & "-" & vw_scenario_analysis_dataset[[#This Row],[reference_year]] -> Armenia-2016
A66: ARM | B66: Armenia | C66: 2017 | D66: 4.2899259e+09 | E66: 11527458709 | F66: 2979400 | G66: 7.5 | H66: 87.202377 | I66: 1439.86 | J66: 3869.05 | K66: 37.21 | L66: 121 | M66: 3615579027 | N66: 18.65 | O66: =vw_scenario_analysis_dataset[[#This Row],[reporter_name]] & "-" & vw_scenario_analysis_dataset[[#This Row],[reference_year]] -> Armenia-2017
A67: ARM | B67: Armenia | C67: 2018 | D67: 4.7668276e+09 | E67: 12457940695 | F67: 2969000 | G67: 5.2 | H67: 92.473107 | I67: 1605.53 | J67: 4196.01 | K67: 38.26 | L67: 117 | M67: 4.2899259e+09 | N67: 11.12 | O67: =vw_scenario_analysis_dataset[[#This Row],[reporter_name]] & "-" & vw_scenario_analysis_dataset[[#This Row],[reference_year]] -> Armenia-2018
A68: ARM | B68: Armenia | C68: 2019 | D68: 5.2372749e+09 | E68: 13619290539 | F68: 2962500 | G68: 7.6 | H68: 97.847005 | I68: 1767.86 | J68: 4597.23 | K68: 38.45 | L68: 118 | M68: 4.7668276e+09 | N68: 9.87 | O68: =vw_scenario_analysis_dataset[[#This Row],[reporter_name]] & "-" & vw_scenario_analysis_dataset[[#This Row],[reference_year]] -> Armenia-2019
A69: ARM | B69: Armenia | C69: 2020 | D69: 4.6641643e+09 | E69: 12641698583 | F69: 2961500 | G69: -7.2 | H69: 70.121357 | I69: 1574.93 | J69: 4268.68 | K69: 36.9 | L69: 117 | M69: 5.2372749e+09 | N69: -10.94 | O69: =vw_scenario_analysis_dataset[[#This Row],[reporter_name]] & "-" & vw_scenario_analysis_dataset[[#This Row],[reference_year]] -> Armenia-2020
A70: ARM | B70: Armenia | C70: 2021 | D70: 5.9296004e+09 | E70: 13878908629 | F70: 2962300 | G70: 5.8 | H70: 79.248906 | I70: 2001.69 | J70: 4685.18 | K70: 42.72 | L70: 118 | M70: 4.6641643e+09 | N70: 27.13 | O70: =vw_scenario_analysis_dataset[[#This Row],[reporter_name]] & "-" & vw_scenario_analysis_dataset[[#This Row],[reference_year]] -> Armenia-2021
A71: ARM | B71: Armenia | C71: 2022 | D71: 1.0731959e+10 | E71: 19513506553 | F71: 2969200 | G71: 12.6 | H71: 103.87863 | I71: 3614.43 | J71: 6571.97 | K71: 55 | L71: 104 | M71: 5.9296004e+09 | N71: 80.99 | O71: =vw_scenario_analysis_dataset[[#This Row],[reporter_name]] & "-" & vw_scenario_analysis_dataset[[#This Row],[reference_year]] -> Armenia-2022
A72: ARM | B72: Armenia | C72: 2023 | D72: 1.7016083e+10 | E72: 24185982216 | F72: 2964300 | G72: 8.3 | H72: 123.41875 | I72: 5740.34 | J72: 8159.09 | K72: 70.36 | L72: 89 | M72: 1.0731959e+10 | N72: 58.56 | O72: =vw_scenario_analysis_dataset[[#This Row],[reporter_name]] & "-" & vw_scenario_analysis_dataset[[#This Row],[reference_year]] -> Armenia-2023
A73: ARM | B73: Armenia | C73: 2024 | D73: 2.6145305e+10 | E73: 25955275380 | F73: 3033500 | G73: 5.9 | H73: 150.06473 | I73: 8618.86 | J73: 8556.21 | K73: 100.73 | L73: 72 | M73: 1.7016083e+10 | N73: 53.65 | O73: =vw_scenario_analysis_dataset[[#This Row],[reporter_name]] & "-" & vw_scenario_analysis_dataset[[#This Row],[reference_year]] -> Armenia-2024
A74: ATG | B74: Antigua and Barbuda | C74: 2015 | D74: 52091083 | E74: 1437485185 | F74: 89409 | G74: 1.42162 | H74: 130.07155 | I74: 582.62 | J74: 16077.63 | K74: 3.62 | L74: 163 | O74: =vw_scenario_analysis_dataset[[#This Row],[reporter_name]] & "-" & vw_scenario_analysis_dataset[[#This Row],[reference_year]] -> Antigua and Barbuda-2015
A75: ATG | B75: Antigua and Barbuda | C75: 2016 | D75: 122086508 | E75: 1489603704 | F75: 89969 | G75: 4.1203675 | H75: 132.02592 | I75: 1356.98 | J75: 16556.86 | K75: 8.2 | L75: 159 | M75: 52091083 | N75: 134.37 | O75: =vw_scenario_analysis_dataset[[#This Row],[reporter_name]] & "-" & vw_scenario_analysis_dataset[[#This Row],[reference_year]] -> Antigua and Barbuda-2016
A76: ATG | B76: Antigua and Barbuda | C76: 2017 | D76: 1.2478121e+08 | E76: 1534855556 | F76: 90468 | G76: 2.7127266 | H76: 127.66432 | I76: 1379.29 | J76: 16965.73 | K76: 8.13 | L76: 160 | M76: 122086508 | N76: 2.21 | O76: =vw_scenario_analysis_dataset[[#This Row],[reporter_name]] & "-" & vw_scenario_analysis_dataset[[#This Row],[reference_year]] -> Antigua and Barbuda-2017
A77: ATG | B77: Antigua and Barbuda | C77: 2018 | D77: 51682163 | E77: 1661529630 | F77: 90926 | G77: 6.7120049 | H77: 130.65515 | I77: 568.4 | J77: 18273.43 | K77: 3.11 | L77: 162 | M77: 1.2478121e+08 | N77: -58.58 | O77: =vw_scenario_analysis_dataset[[#This Row],[reporter_name]] & "-" & vw_scenario_analysis_dataset[[#This Row],[reference_year]] -> Antigua and Barbuda-2018
A78: ATG | B78: Antigua and Barbuda | C78: 2019 | D78: 74800237 | E78: 1726448148 | F78: 91364 | G78: 3.1722219 | H78: 137.53778 | I78: 818.71 | J78: 18896.37 | K78: 4.33 | L78: 159 | M78: 51682163 | N78: 44.73 | O78: =vw_scenario_analysis_dataset[[#This Row],[reporter_name]] & "-" & vw_scenario_analysis_dataset[[#This Row],[reference_year]] -> Antigua and Barbuda-2019
A79: ATG | B79: Antigua and Barbuda | C79: 2020 | D79: 44398849 | E79: 1411637037 | F79: 91846 | G79: -18.868777 | H79: 94.28953 | I79: 483.41 | J79: 15369.61 | K79: 3.15 | L79: 155 | M79: 74800237 | N79: -40.64 | O79: =vw_scenario_analysis_dataset[[#This Row],[reporter_name]] & "-" & vw_scenario_analysis_dataset[[#This Row],[reference_year]] -> Antigua and Barbuda-2020
A80: ATG | B80: Antigua and Barbuda | C80: 2021 | D80: 38294574 | E80: 1602125926 | F80: 92349 | G80: 8.1728631 | H80: 101.07496 | I80: 414.67 | J80: 17348.6 | K80: 2.39 | L80: 158 | M80: 44398849 | N80: -13.75 | O80: =vw_scenario_analysis_dataset[[#This Row],[reporter_name]] & "-" & vw_scenario_analysis_dataset[[#This Row],[reference_year]] -> Antigua and Barbuda-2021
A81: ATG | B81: Antigua and Barbuda | C81: 2022 | D81: 43752792 | E81: 1857114815 | F81: 92840 | G81: 8.4977634 | H81: 118.30258 | I81: 471.27 | J81: 20003.39 | K81: 2.36 | L81: 159 | M81: 38294574 | N81: 14.25 | O81: =vw_scenario_analysis_dataset[[#This Row],[reporter_name]] & "-" & vw_scenario_analysis_dataset[[#This Row],[reference_year]] -> Antigua and Barbuda-2022
A82: ATG | B82: Antigua and Barbuda | C82: 2023 | D82: 60993748 | E82: 2054096296 | F82: 93316 | G82: 3.8655016 | I82: 653.63 | J82: 22012.26 | K82: 2.97 | L82: 152 | M82: 43752792 | N82: 39.41 | O82: =vw_scenario_analysis_dataset[[#This Row],[reporter_name]] & "-" & vw_scenario_analysis_dataset[[#This Row],[reference_year]] -> Antigua and Barbuda-2023
A83: ATG | B83: Antigua and Barbuda | C83: 2024 | D83: 66723743 | E83: 2162366667 | F83: 93772 | G83: 2.5404419 | I83: 711.55 | J83: 23059.83 | K83: 3.09 | L83: 130 | M83: 60993748 | N83: 9.39 | O83: =vw_scenario_analysis_dataset[[#This Row],[reporter_name]] & "-" & vw_scenario_analysis_dataset[[#This Row],[reference_year]] -> Antigua and Barbuda-2024
A84: AUS | B84: Australia | C84: 2015 | D84: 375584302945 | E84: 1360000000000 | F84: 23815995 | G84: 2.1643478 | H84: 41.494751 | I84: 15770.25 | J84: 57104.48 | K84: 27.62 | L84: 22 | O84: =vw_scenario_analysis_dataset[[#This Row],[reporter_name]] & "-" & vw_scenario_analysis_dataset[[#This Row],[reference_year]] -> Australia-2015
A85: AUS | B85: Australia | C85: 2016 | D85: 379259949125 | E85: 1210000000000 | F85: 24190907 | G85: 2.7556407 | H85: 40.813402 | I85: 15677.79 | J85: 50018.79 | K85: 31.34 | L85: 20 | M85: 375584302945 | N85: 0.98 | O85: =vw_scenario_analysis_dataset[[#This Row],[reporter_name]] & "-" & vw_scenario_analysis_dataset[[#This Row],[reference_year]] -> Australia-2016
A86: AUS | B86: Australia | C86: 2017 | D86: 4.6107347e+11 | E86: 1330000000000 | F86: 24592588 | G86: 2.2933103 | H86: 42.035414 | I86: 18748.47 | J86: 54081.34 | K86: 34.67 | L86: 19 | M86: 379259949125 | N86: 21.57 | O86: =vw_scenario_analysis_dataset[[#This Row],[reporter_name]] & "-" & vw_scenario_analysis_dataset[[#This Row],[reference_year]] -> Australia-2017
A87: AUS | B87: Australia | C87: 2018 | D87: 5.1313052e+11 | E87: 1430000000000 | F87: 24963258 | G87: 2.8741704 | H87: 43.573225 | I87: 20555.43 | J87: 57284.19 | K87: 35.88 | L87: 20 | M87: 4.6107347e+11 | N87: 11.29 | O87: =vw_scenario_analysis_dataset[[#This Row],[reporter_name]] & "-" & vw_scenario_analysis_dataset[[#This Row],[reference_year]] -> Australia-2018
A88: AUS | B88: Australia | C88: 2019 | D88: 5.4052167e+11 | E88: 1400000000000 | F88: 25334826 | G88: 2.194017 | H88: 46.001683 | I88: 21335.12 | J88: 55259.9 | K88: 38.61 | L88: 18 | M88: 5.1313052e+11 | N88: 5.34 | O88: =vw_scenario_analysis_dataset[[#This Row],[reporter_name]] & "-" & vw_scenario_analysis_dataset[[#This Row],[reference_year]] -> Australia-2019
A89: AUS | B89: Australia | C89: 2020 | D89: 4.9431869e+11 | E89: 1330000000000 | F89: 25649248 | G89: -0.1335319 | H89: 44.499564 | I89: 19272.25 | J89: 51853.37 | K89: 37.17 | L89: 20 | M89: 5.4052167e+11 | N89: -8.55 | O89: =vw_scenario_analysis_dataset[[#This Row],[reporter_name]] & "-" & vw_scenario_analysis_dataset[[#This Row],[reference_year]] -> Australia-2020
A90: AUS | B90: Australia | C90: 2021 | D90: 6.8407221e+11 | E90: 1560000000000 | F90: 25685412 | G90: 2.0069484 | H90: 40.202236 | I90: 26632.71 | J90: 60734.86 | K90: 43.85 | L90: 18 | M90: 4.9431869e+11 | N90: 38.39 | O90: =vw_scenario_analysis_dataset[[#This Row],[reporter_name]] & "-" & vw_scenario_analysis_dataset[[#This Row],[reference_year]] -> Australia-2021
A91: AUS | B91: Australia | C91: 2022 | D91: 8.2050567e+11 | E91: 1700000000000 | F91: 26018721 | G91: 4.2530456 | H91: 45.694642 | I91: 31535.2 | J91: 65337.57 | K91: 48.27 | L91: 18 | M91: 6.8407221e+11 | N91: 19.94 | O91: =vw_scenario_analysis_dataset[[#This Row],[reporter_name]] & "-" & vw_scenario_analysis_dataset[[#This Row],[reference_year]] -> Australia-2022
A92: AUS | B92: Australia | C92: 2023 | D92: 7.3847025e+11 | E92: 1730000000000 | F92: 26659922 | G92: 3.583821 | H92: 49.044339 | I92: 27699.64 | J92: 64891.41 | K92: 42.69 | L92: 18 | M92: 8.2050567e+11 | N92: -10 | O92: =vw_scenario_analysis_dataset[[#This Row],[reporter_name]] & "-" & vw_scenario_analysis_dataset[[#This Row],[reference_year]] -> Australia-2023
A93: AUS | B93: Australia | C93: 2024 | D93: 6.817097e+11 | E93: 1760000000000 | F93: 27194286 | G93: 1.3734077 | H93: 47.145381 | I93: 25068.12 | J93: 64719.48 | K93: 38.73 | L93: 17 | M93: 7.3847025e+11 | N93: -7.69 | O93: =vw_scenario_analysis_dataset[[#This Row],[reporter_name]] & "-" & vw_scenario_analysis_dataset[[#This Row],[reference_year]] -> Australia-2024
A94: AUT | B94: Austria | C94: 2015 | D94: 2.9055106e+11 | E94: 380000000000 | F94: 8642699 | G94: 1.3035233 | H94: 103.11758 | I94: 33618.09 | J94: 43967.75 | K94: 76.46 | L94: 28 | O94: =vw_scenario_analysis_dataset[[#This Row],[reporter_name]] & "-" & vw_scenario_analysis_dataset[[#This Row],[reference_year]] -> Austria-2015
A95: AUT | B95: Austria | C95: 2016 | D95: 2.8940138e+11 | E95: 394000000000 | F95: 8736668 | G95: 2.1172196 | H95: 101.57349 | I95: 33124.91 | J95: 45097.28 | K95: 73.45 | L95: 27 | M95: 2.9055106e+11 | N95: -0.4 | O95: =vw_scenario_analysis_dataset[[#This Row],[reporter_name]] & "-" & vw_scenario_analysis_dataset[[#This Row],[reference_year]] -> Austria-2016
A96: AUT | B96: Austria | C96: 2017 | D96: 3.1994106e+11 | E96: 415000000000 | F96: 8797566 | G96: 2.2722499 | H96: 105.55607 | I96: 36367 | J96: 47172.14 | K96: 77.09 | L96: 28 | M96: 2.8940138e+11 | N96: 10.55 | O96: =vw_scenario_analysis_dataset[[#This Row],[reporter_name]] & "-" & vw_scenario_analysis_dataset[[#This Row],[reference_year]] -> Austria-2017
A97: AUT | B97: Austria | C97: 2018 | D97: 3.5398394e+11 | E97: 453000000000 | F97: 8840521 | G97: 2.4842211 | H97: 108.37797 | I97: 40041.07 | J97: 51241.32 | K97: 78.14 | L97: 28 | M97: 3.1994106e+11 | N97: 10.64 | O97: =vw_scenario_analysis_dataset[[#This Row],[reporter_name]] & "-" & vw_scenario_analysis_dataset[[#This Row],[reference_year]] -> Austria-2018
A98: AUT | B98: Austria | C98: 2019 | D98: 3.4306411e+11 | E98: 443000000000 | F98: 8879920 | G98: 1.7549762 | H98: 108.20728 | I98: 38633.69 | J98: 49887.84 | K98: 77.44 | L98: 27 | M98: 3.5398394e+11 | N98: -3.08 | O98: =vw_scenario_analysis_dataset[[#This Row],[reporter_name]] & "-" & vw_scenario_analysis_dataset[[#This Row],[reference_year]] -> Austria-2019
A99: AUT | B99: Austria | C99: 2020 | D99: 3.2429026e+11 | E99: 434000000000 | F99: 8916864 | G99: -6.3182551 | H99: 99.948214 | I99: 36368.2 | J99: 48671.82 | K99: 74.72 | L99: 29 | M99: 3.4306411e+11 | N99: -5.47 | O99: =vw_scenario_analysis_dataset[[#This Row],[reporter_name]] & "-" & vw_scenario_analysis_dataset[[#This Row],[reference_year]] -> Austria-2020
A100: AUT | B100: Austria | C100: 2021 | D100: 3.8940649e+11 | E100: 480000000000 | F100: 8955797 | G100: 4.9230917 | H100: 111.03293 | I100: 43480.94 | J100: 53596.57 | K100: 81.13 | L100: 29 | M100: 3.2429026e+11 | N100: 20.08 | O100: =vw_scenario_analysis_dataset[[#This Row],[reporter_name]] & "-" & vw_scenario_analysis_dataset[[#This Row],[reference_year]] -> Austria-2021
...

Sheet Assumptions
A1: Global Trade & Supply Chain Intelligence Platform Bussiness Assumptions
A7: Scenario Information
A9: Scenario Name | C9: High Exports Growth
A10: Created by | C10: Mohammad Wasiq Khan
A11: Date | C11: =TODAY() -> 46234
A14: Country & Year Selection Dropdown
A16: Selected Country | C16: China | J16: LookUp Key | L16: =C16&"-"&C17 -> China-2017
A17: Selected Year | C17: 2017
A21: Business Assumptions
A23: Variable | C23: Current Value | E23: Unit | G23: Scenario Value | I23: Change %
A24: Total Exports | C24: =IFERROR(_xlfn.XLOOKUP($L$16,SQL_Data_Import!$O:$O,SQL_Data_Import!$D:$D)/1000000000, "No Data Available") -> 4526.741 | E24: Billion USD | G24: 5000 | I24: =IFERROR((G24-C24)/C24,"") -> 0.1045474
A25: GDP | C25: =IFERROR(_xlfn.XLOOKUP($L$16,SQL_Data_Import!$O:$O,SQL_Data_Import!$E:$E)/1000000000, "No Data Available") -> 12500 | E25: Billion USD | G25: 13298.98 | I25: =IFERROR((G25-C25)/C25,"") -> 0.0639184
A26: Population | C26: =IFERROR(_xlfn.XLOOKUP($L$16,SQL_Data_Import!$O:$O,SQL_Data_Import!$F:$F)/1000000000, "No Data Available") -> 1.396215 | E26: Billion People | G26: 1.54 | I26: =IFERROR((G26-C26)/C26,"") -> 0.10298199
A27: GDP Growth % | C27: =IFERROR(_xlfn.XLOOKUP($L$16,SQL_Data_Import!$O:$O,SQL_Data_Import!$G:$G), "No Data Available") -> 6.8912392 | E27: % | G27: 1.62 | I27: =IFERROR((G27-C27)/C27,"") -> -0.76491891
A28: Trade % Of GDP | C28: =IFERROR(_xlfn.XLOOKUP($L$16,SQL_Data_Import!$O:$O,SQL_Data_Import!$H:$H), "No Data Available") -> 36.950853 | E28: % | G28: 63.2 | I28: =IFERROR((G28-C28)/C28,"") -> 0.71038002
A29: Export per Capita | C29: =IFERROR(_xlfn.XLOOKUP($L$16,SQL_Data_Import!$O:$O,SQL_Data_Import!$I:$I),"No Data Available") -> 3242.15 | E29: USD | G29: 630.75 | I29: =IFERROR((G29-C29)/C29,"") -> -0.80545317
A30: GDP per Capita | C30: =IFERROR(_xlfn.XLOOKUP($L$16,SQL_Data_Import!$O:$O,SQL_Data_Import!$J:$J), "No Data Available") -> 8952.78 | E30: USD | G30: 2787.98 | I30: =IFERROR((G30-C30)/C30,"") -> -0.68859058
A31: Export to GDP Ratio % | C31: =IFERROR(_xlfn.XLOOKUP($L$16,SQL_Data_Import!$O:$O,SQL_Data_Import!$K:$K), "No Data Available") -> 36.21 | E31: % | G31: 31.5 | I31: =IFERROR((G31-C31)/C31,"") -> -0.13007457
A35: Instructions
A37: 1. Select a country.
A39: 2. Select a year.
A41: 3. Enter Scenario Values only.
A43: 4. Do not edit Current Values.
A45: 5. Dashboard updates automatically.
A47: 6. Scenario calculations are performed in the Scenario_Model sheet.

Sheet Scenario_Model
A1: Global Trade & Supply Chain Intelligence Platform Scenario Analysis Model
A7: Scenario Information Section
A9: Scenario Name | D9: =Assumptions!$C$9 -> High Exports Growth
A10: Country | D10: =Assumptions!C16 -> China
A11: Year | D11: =Assumptions!C17 -> 2017
A12: Created Date | D12: =TODAY() -> 46234
A15: Current VS Scenario Comparison
A17: KPI | C17: Current | E17: Scenario | G17: Difference | I17: Change% | K17: Unit
A18: Total Exports | C18: =Assumptions!C24 -> 4526.741 | E18: =Assumptions!G24 -> 5000 | G18: =E18-C18 -> 473.25899 | I18: =Assumptions!I24 -> 0.1045474 | K18: Billion USD
A19: GDP | C19: =Assumptions!C25 -> 12500 | E19: =Assumptions!G25 -> 13298.98 | G19: =E19-C19 -> 798.98 | I19: =Assumptions!I25 -> 0.0639184 | K19: Billion USD
A20: Population | C20: =Assumptions!C26 -> 1.396215 | E20: =Assumptions!G26 -> 1.54 | G20: =E20-C20 -> 0.143785 | I20: =Assumptions!I26 -> 0.10298199 | K20: Billion People
A21: GDP Growth% | C21: =Assumptions!C27 -> 6.8912392 | E21: =Assumptions!G27 -> 1.62 | G21: =E21-C21 -> -5.2712392 | I21: =Assumptions!I27 -> -0.76491891 | K21: %
A22: Trade% of GDP | C22: =Assumptions!C28 -> 36.950853 | E22: =Assumptions!G28 -> 63.2 | G22: =E22-C22 -> 26.249147 | I22: =Assumptions!I28 -> 0.71038002 | K22: %
A23: Exports per Capita | C23: =Assumptions!C29 -> 3242.15 | E23: =Assumptions!G29 -> 630.75 | G23: =E23-C23 -> -2611.4 | I23: =Assumptions!I29 -> -0.80545317 | K23: USD
A24: GDP per Capita | C24: =Assumptions!C30 -> 8952.78 | E24: =Assumptions!G30 -> 2787.98 | G24: =E24-C24 -> -6164.8 | I24: =Assumptions!I30 -> -0.68859058 | K24: USD
A25: Exports/GDP Ratio% | C25: =Assumptions!C31 -> 36.21 | E25: =Assumptions!G31 -> 31.5 | G25: =E25-C25 -> -4.71 | I25: =Assumptions!I31 -> -0.13007457 | K25: %
A28: Projected Business KPI's
A31: KPI | C31: Projected Values
A32: Projected Exports per Capita | C32: =E18/E20 -> 3246.7532
A33: Projected GDP per Capita | C33: =E19/E20 -> 8635.7013
A34: Projected Export/GDP Ratio | C34: =E18/E19 -> 0.37596868
A38: Performance Indicators
A40: KPI | C40: Status
A41: Total Exports | C41: =IF(I18>0,"Improved",IF(I18<0,"Declined","No Change")) -> Improved
A42: GDP | C42: =IF(I19>0,"Improved",IF(I19<0,"Declined","No Change")) -> Improved
A43: Population | C43: =IF(I20>0,"Improved",IF(I20<0,"Declined","No Change")) -> Improved
A44: GDP Growth% | C44: =IF(I21>0,"Improved",IF(I21<0,"Declined","No Change")) -> Declined
A45: Trade% of GDP | C45: =IF(I22>0,"Improved",IF(I22<0,"Declined","No Change")) -> Improved
A46: Exports per Capita | C46: =IF(I23>0,"Improved",IF(I23<0,"Declined","No Change")) -> Declined
A47: GDP per Capita | C47: =IF(I24>0,"Improved",IF(I24<0,"Declined","No Change")) -> Declined
A48: Exports/GDP Ratio% | C48: =IF(I25>0,"Improved",IF(I25<0,"Declined","No Change")) -> Declined
A51: Key Insights
A53: =IF(I18>0.2, "Exports increased significantly.", "Exports increased moderately.") -> Exports increased moderately.
A55: =IF(C34>0.3, "Trade intensity improved.", "Trade intensity remained stable.") -> Trade intensity improved.
A57: =IF(C33>C24, "Income per capita improved.", "No improvement observed.") -> No improvement observed.

Sheet Sensitivity_Analysis
A1: Global Trade & Supply Chain Intelligence Platform Sensitivity Analysis Model
A7: Scenario Information Section
A9: Scenario Name | D9: =Assumptions!C9 -> High Exports Growth
A10: Country | D10: =Assumptions!C16 -> China
A11: Year | D11: =Assumptions!C17 -> 2017
A12: Created Date | D12: =TODAY() -> 46234
A14: Current Exports | D14: =Scenario_Model!$C$18 -> 4526.741 | G14: Billion USD
A15: Current GDP | D15: =Scenario_Model!$C$19 -> 12500 | G15: Billion USD
A16: Current Population | D16: =Scenario_Model!$C$20 -> 1.396215 | G16: Billion People
A18: Exports Sensitivity Analysis
A21: Export Change % | C21: Projected Exports | E21: Exports per Capita | G21: Export/GDP Ratio
A22: -0.1 | C22: =Assumptions!$C$24*(1+Sensitivity_Analysis!A22) -> 4074.0669 | E22: =C22/Scenario_Model!$C$20 -> 2917.9366 | G22: =C22/Scenario_Model!$C$19 -> 0.32592535
A23: -0.05 | C23: =Assumptions!$C$24*(1+Sensitivity_Analysis!A23) -> 4300.404 | E23: =C23/Scenario_Model!$C$20 -> 3080.0442 | G23: =C23/Scenario_Model!$C$19 -> 0.34403232
A24: 0 | C24: =Assumptions!$C$24*(1+Sensitivity_Analysis!A24) -> 4526.741 | E24: =C24/Scenario_Model!$C$20 -> 3242.1518 | G24: =C24/Scenario_Model!$C$19 -> 0.36213928
A25: 0.05 | C25: =Assumptions!$C$24*(1+Sensitivity_Analysis!A25) -> 4753.0781 | E25: =C25/Scenario_Model!$C$20 -> 3404.2594 | G25: =C25/Scenario_Model!$C$19 -> 0.38024624
A26: 0.1 | C26: =Assumptions!$C$24*(1+Sensitivity_Analysis!A26) -> 4979.4151 | E26: =C26/Scenario_Model!$C$20 -> 3566.367 | G26: =C26/Scenario_Model!$C$19 -> 0.39835321
A30: GDP Sensitivity Analysis
A33: GDP Change % | C33: GDP | E33: GDP per Capita | G33: Export/GDP Ratio
A34: -0.1 | C34: =Assumptions!$C$25*(1+Sensitivity_Analysis!A34) -> 11250 | E34: =C34/Assumptions!$C$26 -> 8057.4983 | G34: =Assumptions!$C$24/Sensitivity_Analysis!C34 -> 0.40237698
A35: -0.05 | C35: =Assumptions!$C$25*(1+Sensitivity_Analysis!A35) -> 11875 | E35: =C35/Assumptions!$C$26 -> 8505.1371 | G35: =Assumptions!$C$24/Sensitivity_Analysis!C35 -> 0.38119924
A36: 0 | C36: =Assumptions!$C$25*(1+Sensitivity_Analysis!A36) -> 12500 | E36: =C36/Assumptions!$C$26 -> 8952.7759 | G36: =Assumptions!$C$24/Sensitivity_Analysis!C36 -> 0.36213928
A37: 0.05 | C37: =Assumptions!$C$25*(1+Sensitivity_Analysis!A37) -> 13125 | E37: =C37/Assumptions!$C$26 -> 9400.4147 | G37: =Assumptions!$C$24/Sensitivity_Analysis!C37 -> 0.34489455
A38: 0.1 | C38: =Assumptions!$C$25*(1+Sensitivity_Analysis!A38) -> 13750 | E38: =C38/Assumptions!$C$26 -> 9848.0535 | G38: =Assumptions!$C$24/Sensitivity_Analysis!C38 -> 0.32921753
A42: Population Sensitivity Analysis
A44: Population Change % | C44: Exports per Capita | E44: Population in Billions | G44: GDP per Capita
A45: -0.1 | C45: =Assumptions!$C$24/Sensitivity_Analysis!E45 -> 3602.3909 | E45: =Assumptions!$C$26*(1+Sensitivity_Analysis!$A45) -> 1.2565935 | G45: =Assumptions!$C$25/Sensitivity_Analysis!E45 -> 9947.5288
A46: -0.05 | C46: =Assumptions!$C$24/Sensitivity_Analysis!E46 -> 3412.7914 | E46: =Assumptions!$C$26*(1+Sensitivity_Analysis!$A46) -> 1.3264042 | G46: =Assumptions!$C$25/Sensitivity_Analysis!E46 -> 9423.9746
A47: 0 | C47: =Assumptions!$C$24/Sensitivity_Analysis!E47 -> 3242.1518 | E47: =Assumptions!$C$26*(1+Sensitivity_Analysis!$A47) -> 1.396215 | G47: =Assumptions!$C$25/Sensitivity_Analysis!E47 -> 8952.7759
A48: 0.05 | C48: =Assumptions!$C$24/Sensitivity_Analysis!E48 -> 3087.7636 | E48: =Assumptions!$C$26*(1+Sensitivity_Analysis!$A48) -> 1.4660258 | G48: =Assumptions!$C$25/Sensitivity_Analysis!E48 -> 8526.4532
A49: 0.1 | C49: =Assumptions!$C$24/Sensitivity_Analysis!E49 -> 2947.4107 | E49: =Assumptions!$C$26*(1+Sensitivity_Analysis!$A49) -> 1.5358365 | G49: =Assumptions!$C$25/Sensitivity_Analysis!E49 -> 8138.8872
A53: Country Performance Summary
A55: KPI | C55: Current | E55: Best Scenario | G55: Worst Scenario | H55: MaximumChange | I55: Business Impact | J55: Business Impact
A56: Exports | C56: =Scenario_Model!C18 -> 4526.741 | E56: =MAX(C22:D26) -> 4979.4151 | G56: =MIN(C22:D26) -> 4074.0669 | H56: =E56-G56 -> 905.3482 | J56: =IF(H56>=1000, "Very High Impact", IF(H56>=500, "Medium Impact", IF(H56>=100, "Moderate Impact", "Low Impact"))) -> Medium Impact
A57: GDP | C57: =Scenario_Model!C19 -> 12500 | E57: =MAX(C34:D38) -> 13750 | G57: =MIN(C34:D38) -> 11250 | H57: =E57-G57 -> 2500 | J57: =IF(H57>=1000, "Very High Impact", IF(H57>=500, "Medium Impact", IF(H57>=100, "Moderate Impact", "Low Impact"))) -> Very High Impact
A58: Exports per Capita | C58: =Scenario_Model!C23 -> 3242.15 | E58: =MAX(C45:D49) -> 3602.3909 | G58: =MIN(C45:D49) -> 2947.4107 | H58: =E58-G58 -> 654.98017 | J58: =IF(H58>=1000, "Very High Impact", IF(H58>=500, "Medium Impact", IF(H58>=100, "Moderate Impact", "Low Impact"))) -> Medium Impact
A59: GDP per Capita | C59: =Scenario_Model!C24 -> 8952.78 | E59: =MAX(G45:H49) -> 9947.5288 | G59: =MIN(G45:H49) -> 8138.8872 | H59: =E59-G59 -> 1808.6416 | J59: =IF(H59>=1000, "Very High Impact", IF(H59>=500, "Medium Impact", IF(H59>=100, "Moderate Impact", "Low Impact"))) -> Very High Impact
A60: Export/GDP Ratio | C60: =Scenario_Model!C25 -> 36.21 | E60: =MAX(G34:H38) -> 0.40237698 | G60: =MIN(G34:H38) -> 0.32921753 | H60: =E60-G60 -> 0.073159451 | J60: =IF(H60>=1000, "Very High Impact", IF(H60>=500, "Medium Impact", IF(H60>=100, "Moderate Impact", "Low Impact"))) -> Low Impact

Sheet Dashboard

Sheet Hidden Sheet
A1: Select Country | E1: Select Year
A2: Aruba | E2: 2015
A3: Afghanistan | E3: 2016
A4: Angola | E4: 2017
A5: Albania | E5: 2018
A6: Andorra | E6: 2019
A7: United Arab Emirates | E7: 2020
A8: Argentina | E8: 2021
A9: Armenia | E9: 2022
A10: Antigua and Barbuda | E10: 2023
A11: Australia | E11: 2024
A12: Austria
A13: Azerbaijan
A14: Burundi
A15: Belgium
A16: Benin
A17: Burkina Faso
A18: Bangladesh
A19: Bulgaria
A20: Bahrain
A21: Bahamas
A22: Bosnia Herzegovina
A23: Belarus
... A183: Zimbabwe
